,0,1,2,3,4,5,6,7,8,9,10,11,12,13,14,15,16,17,18,19,20,21,22,23,24,25,26,27,28,29,30,31,32,33,34,35,36,37,38,39,40,41,42,43,44,45,46,47,48,49,50,51,52,53,54,55,56,57,58,59,60,61,62,63,64,65,66,67,68,69,70,71,72,73,74,75,76,77,78,79,80,81,82,83,84,85,86,87,88,89,90,91,92,93,94,95,96,97,98,99,100,101,102,103,104,105,106,107,108,109,110,111,112,113,114,115,116,117,118,119,120,121,122,123,124,125,126,127,128,129,130,131,132,133,134,135,136,137,138,139,140,141,142,143,144,145,146,147,148,149,150,151,152,153,154,155,156,157,158,159,160,161,162,163,164,165,166,167,168,169,170,171,172,173,174,175,176,177,178,179,180,181,182,183,184,185,186,187,188,189,190,191,192,193,194,195,196,197,198
53,,,,,-1.0072071504376794,,,,,,,,,-1.050312160068346,,,,,,,,,,-0.9426141614434295,,,-1.006633987078443,,-0.8841586287413417,,,-0.9195729529506136,,,-0.9294645693721542,,,,,-0.9656148425027534,,,,,-0.7865612470243584,-0.9383933321699341,,,,-0.9235089307667486,-0.9218594026733911,,,,,,,-1.0071855153122558,,,-0.8616669193442381,,,,-0.9268699775667036,,,,,,,-0.8990510039097905,,,,,,,,,,,,,-0.6802387985445453,,,,,,,-0.43768932977360137,-0.4076713709138533,,,,,,0.14379473276923843,0.07485729282829051,,,,,,,,,0.6352032608338495,,,,,,,,,,,,-0.1336823119939233,,,,,,-0.04525527199212303,,-0.036967864398061004,,0.0487903586023843,,,,,,,,,0.19271038663433784,0.2990817883747696,0.29510430712434504,,0.3504563171080407,,,,,,,0.7699272452782191,,,,,,,1.089085777223757,,,1.3231912597730295,,1.5479671712089365,,,,,,,,,,1.5714993910583948,,1.6792328775343994,1.666480788403057,,,,,,1.6690036768046133,,1.7216078691644234,,1.7299824839191018,,,,1.7644242135282726,1.7897853742090226,,,,,1.7257481308219822,,,
84,,,,,,,,,,-0.9908722588303704,,,,,-0.9839499683094134,-1.0855049695871077,,,-1.0150216281693025,,,-0.9437379644921757,,-0.95020386538491,-0.9475628499250425,-0.9487411877340906,-1.0167243556826038,,-0.9500494615108623,-0.884562326523718,,,,,-0.8805912804500818,-0.936811066741043,,,,,,,,,,,,-0.9484781707545913,,-0.9348110470297653,,-0.9840130246986912,,,,,-0.8821623890716161,-0.9707412452262735,,-0.9766294533945573,-0.8938132793494354,-1.0164060805580701,,,,,,,,,,,,,,-0.7615542278903508,,,,,,,,,,,,,,,-0.48740036386900115,,,-0.31908257859132455,,,-0.09198509540939305,,,0.1464155602912457,,0.3619189792584637,,,,,0.6968260052186982,,0.8001555301658648,,0.4304911787526917,0.48925380513646016,,0.11291227082754017,,,,,,,,,,,-0.23589996691194454,,,-0.30175221942711167,-0.36926309389977363,,,-0.16537017071600293,,,,,,,,,,0.23353270660158537,,0.26089428994872166,,0.6060651669171647,,,,,,,,,1.024293271212924,,,,,,,,,,,,,,1.7522798178431596,,,1.6493175399691498,,,,1.5608113954723364,,,,,1.6354795084831522,,,,,,,,1.5472119742619608,,,,,1.5945998970345046,1.6424385864484676,1.652166881194943,,1.629446750083047,
105,,,,,,-1.0018128837848765,,,,,,,,,-0.9761411776462445,,,,,,,,,,,,,,,,,-0.9283738073756237,-0.9958768656917234,-0.9418863098492789,,,,,,,,,,,,,-0.8458444250806676,,,,,,,,,-0.9547144643500729,,,,,,,,-0.8137748334485233,,,,,-0.8053033370461216,-0.9423681079985827,,,,,,-0.6983945084871438,,-0.7821653257248712,,,,,,,-0.7471622824206016,,,-0.4920536397482976,-0.47779092641324,,,,,,,,,,,,,,,,,0.5153260355400721,,,,,,,,,0.06357307840016341,,-0.2339860515399197,-0.18209990321033345,,,,,,,,,,,,,-0.13335804908422222,,-0.03495585795232253,,,,,,,0.3228594322812068,0.26581259236324173,,,0.37704218508588916,,,,0.710349938910287,,0.7933848320861314,0.9014163983452004,0.9791729365402143,,,1.0552094175587214,,,,,,1.5678528090688653,,,1.8399604122112765,,,1.9479479194711455,1.882746257331394,,,1.7915584571414465,,,,,,,,1.6583080802438717,1.5764151773192725,1.5470138577900316,,,,,,,,,,,,,,,,,,
106,,,-0.9116098203990959,,,,-0.9590007069005607,,,,,-0.9490043889020489,,,-0.9799970491269713,,,-0.9729354340677665,,,,,,,-0.9588855132115742,,,-0.9586928330545889,,,,-0.9169786415671107,,,,,,,,,-0.9700380220482558,,,-1.021330682762501,-1.0207820446227054,-0.9420091818209959,-0.9907424877092019,,-0.9395366927548702,,,,,,,,,,,,,,,-0.943041091508609,,,,,,,-0.7984993115569662,-0.8425364536666782,,,,,-0.7584763894796894,,,,,,-0.6492893081694366,-0.6279858935246149,-0.7118734081925999,,,,,-0.4994372760037747,,,,-0.3181069302745204,,,,,,,,0.6063860984978856,,,,,,,,0.9760391784905534,,,,0.4275972328916642,,,,,,,,-0.37031613404006836,-0.30824926173340983,,,,,,,-0.2386242132413485,,-0.2866165550939641,-0.29849170942797365,,,,,0.02144431360414795,0.15483659366116975,,,,,0.3539284545084164,,,0.4004326682948234,,,,,,,,,,,,,,,,,,,,,,,,,,,,,,1.4968998366251876,,1.462707253621028,,,,,1.4776003802752586,,,,,,,,,1.6329076776584803,1.5699633114068172,,1.535637942724819,,,
4,,,,,-1.0007285267899442,,,,-0.998261523850791,,,,,,,,,,,,,,,,-0.9229034858476501,,,-1.010847809764301,,,,,,,,,-0.9597998937355593,,,-0.982745552022451,,,,,-0.9739637617666088,,,,,,,,,-0.9347719801095414,,,-0.943556517981993,-1.0034909465666682,,,,,,,,,,-0.9138712895794547,,,,,,,-0.8622772116201006,,-0.7972483324119797,,,,,-0.6600572966216989,,,,,,-0.537114420097452,,,,,,,,,,,,0.14591587177615584,,,,,,,,,,0.5311296365701569,0.385886596226129,,,,,,,0.08016109183962139,,,,,,,,,,,,,,,,0.2355307388022576,0.10655115593576708,0.1967449999816648,,,,,0.2987994972146887,,,0.2901362511299657,,,,,,0.49304489427134846,,,,0.6185674579548515,,,0.8335924460256677,,,,,,1.2263533130496906,,,,,,,,1.3345859602069048,,1.5828714563457456,,,,,,1.6028048276312221,,,,1.7471214939706785,,1.7442140899092191,,1.828328621890312,,,,,,1.87113712289899,,,,1.9658010042714704,,
23,,,,,,,,,,,,,,,-1.1641349637545684,-1.199831469438957,-1.1181354994651194,,,,,,,,-1.0739840062218293,,,,,,,,,,,,-1.078585995450709,,,,,,,,,,,,,,,,-1.1163793571274572,,,,-1.0128565627506037,,,,,,,,,,,-0.9186256678272964,,,,,,,,,,,,,,,,,-0.7131208076686572,,,-0.5195311037088215,,,,,,,,,,,,,,0.5225321655345257,0.7110527202257707,,,,,,,0.8762910001136086,0.7957466763742604,,0.6355794553725209,,,,,,,,,,,,,,,,0.14542322676764668,,,,,,,,,,0.28809018310231865,0.33247409899355845,,0.2886372288523941,,,0.3826410181333099,,,,,0.48682751150119286,,,,0.4741823558335113,,,0.7169072744876842,0.7199969951837261,,,,1.0532290553374068,,,,,,,,,,,,,,,,,1.4590831404874103,1.5007853371510922,,,,,1.6959515299531667,,,,,,,1.8176899432135751,,1.8849692609114952,,1.8332462557182314,,,
57,,,,,,-0.9366449783904381,,,-0.9773782569839815,,,,-0.9706501299994512,,,,,,,,-0.9166656114402312,,,,,,,,,,,,,-0.8405957508152123,,,,-0.8995857690772222,,,-0.8711777671197461,-0.8381691588523357,,,,,-0.9048347594099807,,,,,-0.906275135412376,,,,,,,,,,,,-0.8355619414238741,,,,,,,,,,,,,-0.7030798631333728,,,,,-0.6786309434552271,,,-0.615330803583996,,,,,,-0.5809526164483232,,,,,,,,,-0.13022330170376797,,,,0.07257325300115348,,,,,,,,-0.036711927156366495,-0.08069994644914652,,,,,-0.2626699463090388,,-0.19022974138511864,,,,,,,,,,,,0.004576333171583791,,,,,,,0.20652892583150412,0.14945656815493913,,,,,,,,0.6540566641679757,,,,,,,,,,,,,,,1.5287763638812517,1.683820584064768,,,,,,,,,,,,1.7707932026270095,,,,,,,,,,,1.765114410109788,,,,,,,,,1.6361279310388694,,1.6853145163136816,
6,-1.0880674007450046,,,,,-1.0905717088734068,,,-1.0731942373128716,,,,,,,,,,-1.0889454252227337,,,,,,,-1.1262505978022557,,,,,,-1.1587817673086298,,,,,-1.0330048687124342,,,,-1.0770154577096813,,-1.0817388311448672,,-1.0614300264466934,,,-1.0812623172283458,,,,,,,,-1.0098710119498333,,,-1.1400718256302418,,,,-1.050975940452016,,,-0.9943395278131983,,,,,,,,,,-0.7200259923405499,,,,,,,,,,,,,-0.4086584477447357,,,,-0.07229806221601139,,,,,,,,1.0918329342265223,,,1.545514994820896,,,,,,1.9835078253404548,,1.5205848097966392,,,,0.7607953634157413,,,0.48000488703324473,,0.3498582616418354,,,,,,,,,,,,,0.17832757213860012,,,,,,,,,,,,,,0.2798088966076788,0.21196337173983973,,,,,,,,,,,,0.6479913201823213,,,,,,,,,,,,,,0.95483018477437,,,,,,,,,,,,,1.4997471413202226,1.5956182064857636,,,,,1.7079177189318075,1.8345332087978192,,1.845365258061523,,2.0551459028133747
5,,-1.1793792615663963,,,,,,-1.1310225564518637,,,,,,,,-1.0517702474838893,,,,,,-1.0550410503141643,-1.0558146869261336,,,,,,,,,-1.167210995654958,,,-1.0585743151905576,,,,,,,-1.118213698823389,-1.0610270275079396,,,,,,-0.9252725700424635,,-1.073674834075745,,,,-1.0396890856163872,,,,,,,,,,,-1.051306692976191,,,-0.9256583007072605,,,,,,,-0.7468954160659528,,,,,,,,,,,,,,,-0.3383874194780446,,-0.24835959043665481,,,0.05759885294524879,,,,,0.7395917439625265,,,,,,1.2757830163819905,,,,1.0619394755569813,,,,0.5516137678957012,,0.33944798070861837,,,,0.11845738440283564,,,,,0.06417599639862573,,,,,,0.15144109795071542,,,,,,,,,,0.28692128994576166,0.2652192681577561,0.47705192981802513,,,,,,0.4460593540372997,,,0.49413948691012854,,,,,0.6221921612782445,,,,0.9533081609618307,,,,,,1.1391123301867108,,,,,,,,,1.2918439233451042,,,,,1.4613590147845736,1.5407686223241166,1.5879574982752984,,,,1.7022740816409905,,,,,,,,1.8890706928433645,,1.963769035431662,
60,,,,,,-1.0266895013927402,,-0.9736343048572229,,,,,-0.9718807557768487,,,-1.1051804746445866,,,,,,-1.1057695504659428,,,,-1.0669811822938664,,,,,,,,,,,,,,,-1.1071360239436285,,,,,-1.0608493317218488,-1.0214287495184078,,,-0.9563968201320775,,,,,-1.0146830887500196,,-1.0014013107758033,-1.0178560087076811,-0.9198822700613005,-0.98120731755913,,-0.9962800222366727,,,,,,,,,-0.8402280667314745,,,,,-0.7660614626316835,,,,,,,,-0.5626135154985846,,,-0.5719574092452676,,-0.4832010936751552,,,,,,,,,0.572579123233948,,,,1.3666463701509726,,1.564914196624734,1.697257676299349,1.9464958007788637,,,1.9795882097731445,,,,,,,,,,,,,0.024156703298652285,,,-0.06178848059835383,,,,,,,,,,,,,,,,,,,,,0.21953466432646646,,,,,,,,,,,,,0.6222921326171738,,,1.174972768901743,1.3564118972972408,1.3610717212972405,,1.4821976570494766,1.4615012421826636,,,,1.102587929534518,,,,,1.1027976529669745,,,,,1.2233263453847258,,1.1330709257958334,,,,,1.4273094416658672,,,,,,,,1.8415746915462026,1.8133840390283764,,
94,-0.9300829066162948,,,,,-1.0687960415946616,,,,,,,,,,,,,,-1.01285591535476,-1.0794396893942406,,,,,,,-1.1132374647479153,,-1.0648146299805654,,,,,,,,,,,,-1.1043131890291051,,,,,-0.9631020942803125,,,,,,,,,-1.019649362051772,,,,,,,,-0.9847263804162663,,,,,,,-0.8339914751480604,,,,,,,,,,,,,,,,,,,,-0.3055475867963546,,-0.2110758809413719,,,,,,0.7164661387135383,,,,,,,,,1.9358316564773543,,,,,,,,,,,0.31897272194113835,,,,,,,,,,-0.00461271200147742,0.04687593019393542,,,,,,,,,,,,,,-0.008220485808663025,,,,,,-0.09011264373101836,,,,,,0.26102005743942086,,,,,,,1.6985345038851805,,,,1.5169493875824098,1.3577607451535043,,,1.156197642200374,,1.1102049180152709,,,,,,,1.07862072328715,,,,1.1378776099743229,1.2912238048135785,,,,,,,,,,,,,1.825836085505761,
8,-1.0365043120972142,,,-0.9731717738273853,,-1.0016992295163152,-0.8365711932577078,,,-1.0268864054027924,,,,,,,,,-0.9857283023956775,-0.9047738828936147,,,,,,,,,-0.9027558140868635,,,-0.9405428655168324,,,,,,-0.9267143248715108,,,,-1.010454133493849,-0.8806148266427977,,,,,,,,,,,,,-0.8670529120905791,,,,,-0.8051274272980875,-0.8189100349255712,-0.8362960230370944,,,,-0.7694153266970115,,,-0.8195770202642061,,,-0.7898271958518055,,,,,,,-0.6652028558023687,,,,,,,-0.5886676183754501,,,,,,,,,,-0.25915886301098795,,,,,,,,,,,,,,,,,,,,,,,,,,,,,,,,,,0.03696130858296826,,0.08751997392163044,-0.04360877940623394,0.18222609610085433,,,,,0.14187305367472744,,,,,0.3672818832084124,,0.4584635587270409,0.5644214957744553,,,,,,0.9555905948070551,,1.0414648761603276,,1.0916847050171135,1.082864104351148,,,,,,,,1.5240813730754958,1.5393549998363225,1.501736095234534,1.6308271644969192,,,1.7427139395828388,,,,,,,,,,,,,,,,,,,,,1.8693168440293475,1.821852040123408,,,,
14,,,,,,,,,-0.9433606146407658,,,,-0.9788938704708087,,-1.0362957902697463,,,,,,,,,,-1.0373629453600488,-1.0345779785921179,,,,,,,,-1.0701974879773535,,,,,,-0.9882477649604459,,,,,-0.9309414108320487,,,-1.012931616375891,,,-0.9438229128840017,,,,,,,,,,,,,,,,,,,,,,,,,,-0.7964551414945346,-0.6892457334061518,,-0.7100276807509422,,-0.6077100497150806,,,,,,,,-0.48030959719590566,,,,,,,,,,,,,,,,,0.9145479425505602,,,,,,,,,,,,-0.06024798479009137,,-0.0758673021769451,,,,,-0.14132000838363037,,,,,,-0.02248162148470991,,,,,0.11823083112913312,,,,,,,,0.4051871168334572,,,,,0.6075432160215946,,,,,,,,,,,,1.157053196172747,1.2334859549186385,,,,,,,,1.4272509503012285,1.49393713564956,1.3735843650991058,,,,,1.553692416416271,,1.572211126079763,1.6334333829662198,,1.7872286320651958,1.6398093960103952,,,,,,,,,1.9102743064807968,,,,2.0180798025342646,,
34,-1.0553235228412783,,,,,,-0.9973128541542773,,,,,,,,,-1.037087656899358,,,,,,,,,,-1.097373209267608,,,-0.955945579747013,,-1.0494312591743227,,-1.0802729617112856,,,-1.1590286322732615,,,,,,,,,,,,,,,,,,,,-0.9627811685841849,,-1.0905235068206611,,,-1.0313037071589792,,,-0.9561981245205671,,,-0.8842871651598422,-0.8026591862554642,,-0.8649428242133548,,,-0.769416397961024,,,,-0.6423251993941562,,-0.5816010701211686,-0.5347967576257106,,,,,,,-0.45554454583938964,,,-0.21373081286327883,-0.18494135361544428,,,,,,,,,1.2629214073789161,,1.6130363195197766,,,,,,,,,,1.965380758824816,1.737496416432008,,1.2338382999286133,0.9342059011361997,0.7686597660079365,,,0.39109505225370306,,,,,,,0.14280960716547977,,0.11758381682392051,,,,,,,,,,,,,,,,,,0.043957376995325814,,,,-0.039224934527963565,,,0.04573916615398085,,,,,0.3937011519626907,,,,,,0.8932319738213368,0.8686778427267222,,,0.6599947412257309,,,,,,,0.6078142351688972,0.6239634955029705,,,,,,,,0.944512588672126,,,,,,,,,,,,,,
89,,,,-0.9856217784147883,,-0.9981755729598619,,,,,-1.0584466848658192,,,,,,-1.0583377344686236,,,,-0.9759436552484927,-1.1266073742065887,,,,,,,-0.994058662485343,,-1.0365346596313199,-1.08021769011203,-1.0810810022243227,,,,,,-1.0838952924763163,,,,,,,,,,-1.0509759799719482,,,,,,,,,,,,,,,,,,,,,,,,,,,,,-0.7185713646309609,-0.7086953567648783,,,,,,,,,,,-0.6419473656634953,,,,,-0.09641141656126788,,,,,,,0.6259057764419743,,,,,,,,,,,,,,0.3420454904326147,,,0.21759963554368683,,0.16057913178740985,,,,,,,0.09899788788782729,,,,,,0.19721764988755708,,,0.2192953093794411,,0.21041256483126525,0.24807315568841334,0.22591115066623688,,0.2660452537119534,,,0.211283089432472,0.23746965931754013,,0.2175196927859435,,,0.39764516973113934,,,,,,0.8550460575776395,,,1.3732155811930946,,,,,,1.561268215967173,,1.441043311894513,,,1.4184384722065595,,,,,,,,,,1.3484757547693447,,1.394485243705671,1.5572089029097087,,,,,1.6059031940310673,,1.6001923152398507,1.7463351644203162,1.7138090263474688,,,,,
39,,-0.8820828842958316,,,,,,,,,,,-0.8495960692134448,,,,,,,,-0.8314956866826614,-0.7943590068731627,,,,,,,,,,,,,,,,,,,-0.7289973157580667,,,,,,,,,-0.6759421917732298,-0.635438607713795,,,,,,-0.7489742793352056,,,,,,,,-0.6545412911569817,-0.7467180755879257,,,,,,,,,,,,,-0.7214517593341969,,-0.7217828280047629,-0.6257721564656303,,,,,,,,,,,-0.6326361548177132,,,,,,,,-0.5028211180108066,,,,-0.5628590658561423,,,,,,-0.5578906000644609,,,-0.5860378519239144,,-0.5044700560043817,,-0.4683428676088115,,,,-0.3643048852517879,,,,-0.4097402795953893,,,,,,,-0.15110978042949946,,-0.07511847278828201,0.1773106925793345,,,,0.22102164189963258,,,,0.33154036360327965,,,0.6053043245229774,0.5466176868098375,,,,,,,,,,,1.6738037605365432,,,1.835977752351784,,1.9560254184154893,,,,,,,,,,1.8999055716954443,1.9204516449887479,,,1.8558569247279468,,,,,,1.7449040533237201,1.6473984556860743,,1.6559715801377621,,,1.5487918171997008,,,,,,1.4852430495101758,,1.4083958516381736,
37,,,,,-0.978178709447207,,,,,,,-1.0895819875709243,,,,,-1.0263055280290951,,,,,,,,,,,,,,,,,,,,,-1.0517473943495015,-1.1185852704502375,,,-1.1217900288836802,-1.044367067919831,,,,,,-1.0152848222796689,-1.0796936098996288,,,-1.142934291622684,,,,-1.0228745487969153,,,,-0.9643431131144811,,-0.9978810872365642,,,,-0.9032127544314207,,,,,,,,,-0.8299088837124681,,-0.6945419585574055,,,,,-0.6238652371674485,,,,,-0.6218429405508336,,,,,,,,,0.1031658793748456,,,,,,,,,1.410372384147545,,,1.3713704429595803,1.354233688007204,,,,,,,,,,0.01813420439467019,-0.06844189952485448,,-0.10979041220834496,,,-0.1473529027632856,,,,,,,,,,,,,,0.27231541589352315,,,0.3660081389910657,,0.3437803747474472,,0.4788982800357439,,,,,,,,,,0.7652400191227424,0.6869081229106573,,0.9162710864365236,,,,,1.314632787614344,,1.2932647700740711,,,1.2323054146598795,1.3609537324492362,,,,,1.343419098930591,,,,,,,,,,,,,1.7034125649630667,,,,,1.8147551679438347,,1.8067700617535474,1.9579553150784568,1.9983215268316232,
67,,,,,,-1.07118646610451,,-1.0141793517294426,,,,-1.085090148681889,,,,,,,,-1.0824924955226725,,,,,,-1.1043290367113443,-0.9920972210946809,,,,,,,,,-0.9753940881419308,-1.0738588922114694,,,,,-1.0329757751354995,,-1.0139055081448276,-1.0906632726636798,-1.06052340162596,,-1.0298504711819378,-1.0159138519964246,,,,-0.9093936734044642,-1.0765790571513605,,,,,,,,,-0.9686814413551362,,-0.9756987911264321,,,,-0.8877615195704037,,,-0.796410438782519,,,,,,-0.7525899935069137,,,,,,,,,-0.5968242240497197,,,-0.5180771848672857,,-0.4002442811408857,,-0.32204498015922695,,-0.19188435936454162,-0.2195197047463303,,0.10881782686242816,,,,,0.5496032721256846,,,,0.7232918416380043,,0.6897270082760956,,,,,,,0.24010111111237192,,,,0.20354956673219737,,,,,0.1048679103063836,0.13504273979395257,,,,,,,,,,,0.31978152088927886,,,,,0.36510643997735737,,,,,,,,,0.6394148699941208,,,,,0.8073415767550143,1.03451381833253,,,,,,1.529812287523922,,,,,,,1.4705319127351324,,1.5134832712804756,1.5306509636624097,,1.5246856962036437,,1.5191386391593247,,,,,,,1.664345861388609,1.6317998947104604,,,,,1.844352101947742,1.7360469345879166,1.7217785858859278,,,,,,
19,,,,,,,,,-0.9591465087882936,,-0.906735264253897,,,,,,,,-1.0218671881118264,,,-0.9924371892646049,,-1.017402422346982,,,,,-1.0063681224292762,-0.9949140872361905,,,,,,,,,,,,-1.057824831972859,,,,,,,-1.0227746199121452,,-1.003996522939195,,,,,,,,,,,,,,-0.921154819523432,,,,,,,-0.8206267952918059,,-0.7832744464811643,-0.7339574667683969,-0.6578870790959371,,,,-0.6812151151605237,,,-0.6669692129882646,,,,,,,,,,,-0.16690575706861066,-0.18702705941205813,,0.05292835612375465,,,,0.5271934994674128,,,,,,0.9591568060416551,,,,0.832263220228387,,,0.4206744951514833,,,,,-0.13642384203460892,,,,,,,-0.19302519852861516,,-0.30371993000704756,,-0.23285349811943695,,,,,,,,,,0.1721579892816535,,,,,,,,,,,,,,,,,,0.8549106327840795,0.9688967782347496,,,,1.2410569330435288,,,,,1.409932099442947,,,,,,,,1.4841030514935172,,,,1.4903161034452006,,,,,,1.7164007580890415,,,,,1.8531686223080923,,,,,,,2.0247997561424267,
101,-1.1223968259788917,,,,,,-0.9057081766505084,,,,,-1.0620734069815205,,,,-1.0383408305009074,,,,,,,-1.0959646375126668,,-0.9968410754094451,,,-0.9978119987329038,,,,,-1.0056541708531532,,,,,,,,-0.9861679211699331,,-0.9363289414668583,,,,,,-1.0346384182694277,,,,-1.022349583647821,,,,,,,,,,-0.8995794193060969,,,-0.9196583579652019,,,,-0.953731775297303,,,,,-0.8025087147509811,-0.7701111257642039,,,,,,,,-0.706512249289527,,,,,,-0.47579568164562513,-0.5277532007458697,,,-0.3249251300156657,,,,,,,,0.5646945235467506,,,,,,,,,,,,0.36716855821206124,0.17575481551845157,,,-0.015653022652343463,-0.06660639411937923,,,,,,,-0.311150248341332,,,,,,,,,,,,,,,,,,,,,,,,,,,,,0.8874102477752428,0.7592647374384546,,,,,1.40047400311893,1.5364362619397371,,,,1.9643248853293453,,,,,,,,1.583614079614428,,,,,1.524447287348138,1.4325136208049372,1.5170215690193611,,,1.4932079356599541,,1.4721585586770705,1.4615082620116981,,,,,,,,,,,,1.726892035317258
102,,-0.9394577302937703,,,,,,,,,,,-0.9614561408312492,,-1.0159797075095331,,,-1.0372494748404746,,,,,,-1.0342180962367622,,,,,,,,,,-1.1043188110976874,-1.1040962945870803,-0.9167822626653392,,,-1.0720420730424136,,,-1.104307266097394,-1.10037699724545,,-1.0392698596053855,,,-1.06916847014714,,,,-1.1396855541202817,,,,,,,,-0.9929858214645786,-0.9223480348593682,,-0.9888223474540729,,-0.9056806378249317,,,,,,,-0.8205800080405374,,,,,,-0.6859868256289465,-0.6270132297001964,,,,,-0.6510555324080304,,,,-0.5688825608036286,,,,,-0.37504898501484213,-0.17692827529139976,-0.10934115507092877,0.09601653518613826,,,,,,,,,1.2597211399989852,,,,,,,,,,,,0.2940146189548646,,,,,,,-0.12298096003580314,,-0.1594562889014666,,,,,-0.18707576484066607,,,,,0.036127513928510845,,,,,0.10857063292378755,,,0.09223113326123919,0.14206650381666172,,,,,0.2525989375964135,,0.24502716170256733,,0.3754140730210948,,,,0.7133715178337039,0.9255371700907181,,,,,,,1.8886754097625393,,,,,1.4527585522496411,1.406012346064565,1.377525719147083,1.275689506907513,,1.2470283851808315,,,,,,,,,,1.4424934031306758,,,,,,1.5180175816798531,,1.6616337603721352,,,,,
64,,,,,,,,-1.0080413877828962,-0.9088614127293211,,,,,,,,,-0.9921618646239176,-1.0443795634056545,,,,,,,,-1.1462834714300127,,-1.0766346993414257,,,,,-1.128956519135488,,,-1.0313097034652714,,,,,,-1.128203281149542,,-1.0010569123537012,,,,,,,,,,,-0.9772128500096195,,,,,,,,,,,,,,-0.9151504365884069,,,,,,,-0.7962910299055077,,,,,,,,,,,-0.4998679719064547,-0.4519204280318031,,,,,,,,,,,,,,,,,,,1.4440701508062972,1.3976864206047492,,,,,,,,,,,,,,,,-0.32626265408521204,,,,,,,,-0.08487073976972939,,,,0.15559031271411625,0.05541360402638721,,,,,,,,,,,,0.625950024211274,,0.6817317571873793,,,,,,,,1.0338750633267288,,,1.4804491489612293,1.6345025721664987,,,1.6150760180827795,,,,,,1.3587549710857634,,,,,,1.3779632200942629,,,,,,,,,,,1.5495407769798935,,,,,,,,,1.806256454771613
68,-1.119017981427045,,,,,,,,,,,-1.0688925921984191,,,,-1.0980506242592896,,,-1.0438275305908855,,,,,,,,,-1.0040726887536364,,,,,,,,,,-1.1192784120745296,,,-1.0837969752980348,,,-1.065554455685064,,,,,,,,,,-1.0617947044270202,,,,-1.0910730184356714,,,,,-1.0369253430034568,-1.031736034980978,,,-0.9421323641706131,-0.9321242264394344,,,,,,,,,,,,-0.6486757469318767,,,,,,,,,-0.5973642973311596,,-0.4278705208020823,-0.3351819562549983,,,,,,,,,,,,1.0792819356908279,,,,,,1.317566934874315,1.152560292293158,,,,,,,,0.33187927250621546,,,0.1610478458686752,,,,0.2904871707059183,,,,0.25312376755127974,0.24200237669791202,0.22456197183388854,,,,,0.30374435598837185,,,,0.3031668840731964,,,,,0.25170975767055564,0.233415188810297,0.292096554434591,0.3585527245032453,0.25534762580233084,,,,0.3357673951496393,,,0.5571985150567097,0.7064870047194043,,,,1.2771701995452178,,,1.404730289947384,,,,,,,,,1.2370042731853752,,,,1.3224547692829562,,,1.2859040064819762,,,,1.4943635439372944,,,,,,,,,1.8175402200698738,,1.8942087310027067,,,
82,-0.8682757011261807,,,,,,,,,,-0.7731161553531238,,,,,,,,-0.7359376685618735,-0.8123363983300298,,,-0.8061388424009892,,,-0.8012407896579533,,,,,,,,,-0.8749322155569287,,,,,,,,,,,-0.7039720853439262,,,,,-0.783519922045178,,,,-0.6851190680147692,,-0.685568800796788,,,,,,-0.7253974184304449,,-0.7268524024579576,-0.6811562512734873,,,-0.6412215296351365,,,,,-0.6245515267416103,,,,-0.7771100249806492,,,,,,,,,,,,,,,,,,,-0.5792631215701015,,,,-0.5811483408268938,,,,-0.63991931288254,,,,,-0.5594325863439213,,-0.5537278052737477,,,,,,,,,,-0.4313449559813042,-0.33802816696987703,,,,,,,,,,,,0.012156347105088405,,0.11870837035516804,,,,,,,,,,,,,,,,,,,,,,,,1.8782538244446088,,,,,,,,,,,,,,1.9374089698491601,,,,,,,,,,,,,1.5618715551390274,,,1.4283034804005301,,1.370245006141034,1.382262311076857,,,,,1.177962735501866
96,-1.0354665597168384,,,,,-1.0674730298156307,,,,-0.9413342368821411,,,-0.9886426495466017,,,-1.125315419676249,,,-1.0186052007473203,,,,-0.9505461274152409,,,-0.9173859871907125,-0.9391813874681281,,,,,,-0.9070098864427716,,,,,,,,,-0.8429562106274565,,,,,,,,,,,-0.864678813953419,,-0.8931072894744732,,-0.898521337619912,-0.9253647565796217,,,,,,,-0.8612812872404024,,,,,,,-0.8418649406255314,,,,-0.7797193664401187,,-0.6612158760083536,,-0.6761205568790419,,-0.7397747087800071,,,,,-0.659826952443411,,-0.6514702700828978,,-0.5459156405536375,,,,,,-0.2574551802405078,-0.16514980534477333,,,,,0.15392305113848925,0.17542291883126146,,0.32916033237594733,0.342630746968939,0.41381323974633144,0.32955098831296464,,,0.2531113669220215,,,,,-0.07855162911738553,,,,,,,-0.12794934238078326,,,,,-0.13727350081531162,-0.019838510224724357,,,,0.029906882931455832,,,,,,,,0.3150750200619705,,,,,,,,0.8722270341871209,,1.0115437874716036,,,,,,,,,,,,,,1.7317066869501232,,,1.714080888685237,1.7887468031422,,1.805810287281759,,,1.790114093615008,,1.6537243443503098,,,,1.648932035873167,,,,1.6938619504106895,,,,,,,1.6528725134117521,,,,,,,
99,-0.954558683132493,,-0.9710712033538779,,,,,,,,,,,,,,,,,,,-0.9824252907749591,,,,,-0.8939593568563966,,,,-0.88792811803644,,,,-0.9552693329731109,,-0.8828061606304778,,,,,,,,,-0.8178606791134284,,,,,,-0.7462115089456511,,,,,,,,,,-0.8290940374429394,,-0.8923717960916082,,-0.7726364454954463,,-0.7463195520968186,,,,,,,,,,,,,,,,,,,,,-0.658296690130503,-0.6223847552766417,,,-0.4515064186129703,,-0.3672891132774535,,,,,,,-0.14273040894487138,,,-0.05065225602088287,,-0.006765149526106573,0.04734382720219166,,,,,,,-0.2228243085855602,,,,-0.2969327569891148,,,,,,,,,-0.17034981856257253,-0.15925031984710641,,,,,,,0.07345827040295966,0.013913760461096977,,,,,0.3332210480275435,0.39065439997588597,,,,0.5413764313115983,,,,,,,,,,,,1.58953048182123,,,,,,,,,,,1.9205701479242798,1.8224371490391242,,,1.8840701605971293,,,,,,,,,,,,,,,,1.5625140983595582,,,,,1.4730952951454765,,1.4014326396272738,,1.2561395073034998
63,,,,,,,,,,,,,,,,,,,,-0.9169381987307408,,,-0.9976061233931438,,,-0.9823107423337664,,,,,,,,,,-0.9404713872538535,,,,,,,-1.037787606062433,,-0.9633020658246023,,,,,,,,,,,-0.9482259125128193,,,,,,,,,,,-0.7837955982254783,-0.9300865591310867,,,,,,,,-0.6957439301422051,,,-0.7257627821735612,,,,,,,,,,,,,-0.4491239850730843,,,,,,0.004926435894549441,,,0.3180017586254289,,0.492580444341183,0.5646167526393915,,,,,,,,,,,,,,-0.03781601887373323,,,-0.23016737369908047,,,,,,-0.2914019507222882,,,,,,,,,0.04049299470394488,,,,,0.22191035284358412,,,0.4514031092180908,,,0.6232569081283689,,0.7582214528734654,0.8291717764897284,,,,,,1.0244804047659635,,1.01978257282842,,1.1283582822295641,1.3679718158662815,,,,,1.7837516934283488,1.6553158054701314,1.635382956584416,1.6143774985542492,,,,1.6192723317261237,,,,,,,,,,,,,,,1.681353804261305,,,,,,,,1.7043800618238159,1.764881634708594,,1.6232039744190905
1,,,-1.0933447190449819,,,,,,,-1.1031543105894543,,,-1.1132371216046688,-1.0842222279304896,,,-1.090539040746999,,,,,-1.1863720142066285,-1.127791551327639,,,,,,,,,,,,-1.0985924585107978,,,,,,,,,,,-1.0406395350864384,,-0.9975665536120382,,,,,,,,,-1.0547148775454644,,,,,-0.9542231268193544,,-0.9589298682878293,-0.9864990430714774,-0.9624782287741397,,,-0.883181378404253,,,,,-0.7902027254845789,,-0.7597067527839545,,-0.704069561420502,,-0.7161449908772162,-0.763727714434389,,,,,,,,,,,-0.3913743313213021,,,,,,,,0.4709305100387916,,0.6033489795921587,,,,1.0553094569254104,1.1533712768260034,,,,0.8971618847977809,,0.7210867990434883,,,,,,,0.30206260543789776,,,,,0.2720943697277506,,,0.3206787446514069,,,,,,,0.3003390043000456,,0.37886286927696566,,,,,0.27024538395414494,,0.24013235473482128,0.4245827128038796,,,,,,,0.5204670247311394,,,0.5559327484066826,0.4571433352472358,0.5218317907815118,,,,,,0.9394144897142113,,,,,,1.104815325812647,,,,,,1.29390728235532,,,,,,,,,,,,,,,,,1.8498122475332563,,,,,,2.1033119385758283,
100,,,,-0.9079905897378906,,-1.0060342232585404,,,,,,,-0.9387853315595966,,,,,,,,,,-1.020462123205293,-1.0038098192831773,,,,,,,,-0.8857715047618568,,,-0.9091122075708573,,,,,-0.9453005022492351,,-0.9328557045656647,,,,,,,,,-0.9787556776678802,,,,,,,,,,,-0.9511781105971657,,,-0.8985140636230842,,,-0.8024410283783573,,,,,-0.8434380187158317,,,,,,,,-0.8033069168581732,,,,,,,,,,,,,,,,,-0.08116165616912274,,,,,,,,,,,,,,0.24694813770332338,,,,-0.06817329343540895,,,,,,-0.19423089500715673,,,,,-0.14446113315973647,,,-0.05606533002964928,,,,,,,,0.20005468104404303,0.21258658975232275,,,,,0.3374947845901526,,0.5956390522981352,,0.6564913792935232,,,,,,1.0303304196433605,,1.2018695560212367,,,,,1.520875234913188,1.6126263558904117,,,,,,,,1.7668544372350223,,1.69711851782938,,,,,,,,1.5613300653396511,,,,1.5773275901291397,,1.6415265469181168,,,1.5973712930732151,1.5618678058709146,1.6265717849824464,,,,,,,,
16,,,,,,,,,,,,,-1.0199124519824434,,,-1.0535128644720035,-0.9580526400195262,,-1.1176867572057279,,,,,,,-1.057583752746088,-1.09205637819683,,,,,,-1.0656867042516476,,,-0.9973652467308095,,,,,,,,-1.062154559718071,,-1.043992632395752,,,,,,,,,,,,,,,,,,,,,,,,,,,,,,,,,,,,,,,,,,,-0.34712600413582384,,,,-0.015741477320211063,,,,,,,1.1339103971137647,,1.5415992817972848,,,,,,,2.2182252300423744,2.1334983626836608,,1.7607136896055502,1.39404544080315,,,,,,,,,0.07320032674287201,,,,,,-0.010053330852319471,,,,,,,,,,0.04271173780372321,,0.15201538932843212,,0.1155487378809603,,,,,0.31052455560563064,0.3119377383196848,,,0.18211307455009612,,,0.21725346751925756,,,,,,,,,,,,,,,,,,,,,,,,,,,,,,,1.1584679222712921,,1.2373484177918934,,1.480128857456696,,,,,,,,,,
32,,,,-1.0422600560848665,-1.0529097167774513,,,,,,,,,,-1.0398058217544313,,-1.0279453262429699,-1.0811526131939988,,-1.0015997669753696,,,,,,,,,,-0.9851551731473984,,,,,,-1.0612839494442692,,,-1.0742817395411404,,,-1.139194205726357,,,,,,,,,,,-0.9459956115182888,,-1.0271779731330375,,,,,-1.0484745705916534,-1.0513444722334415,,,,,-0.9246985705821835,,,,,,,,,,-0.8294483778209479,,,,,,,-0.7208834083122563,,,,,,,,,,,,,,,,,,0.7434182005491311,,0.8627932589625436,,,1.1399075604919648,,,1.342212397333462,,,,,,,,,,,,,,,,,,,,,,0.04449273006321777,,,,,0.13943727796027455,,,,,,,,,,,,0.5217471329844907,,,,,,,,,,,,,,,,,,1.2739830197619972,1.348581945302134,,,1.286856854502125,,,,,,,,,,1.4467089245631704,,1.4288900400233515,,1.5246587910325962,,1.652395235759322,,1.6621471172922937,,,,,,,,,1.9287665592940604,,
12,,,,-1.0494085814905036,-1.065629596241362,,,,,,,,,,,,,-1.0625108893152007,,-1.0636024614749597,,-1.1285087260891722,,,,,-1.0828696537578015,,,,,,,,,,-1.0841888394681953,,,,,-1.054457672582953,,-1.0575902800862482,,,,,-1.0520826331860833,,,,,,,,,,-0.9708557565570894,,,,,,,,,,,,,-0.7304316682233339,,,,,-0.6401774977928062,-0.5781679323067526,,,,,,,,,,,,,,,,,0.4262665526417979,,,,,,1.5574977428074257,,2.0471355777612406,,,,,,,2.4679289782083536,,,,,,,0.7996030110187358,,,,,,0.3441519427191921,,,,,,,,,,,,,,,,0.18316181106575127,,,,,,0.14905836079638402,,0.18550682251249417,,,,,,-0.050994927688656794,,,,,,,,,0.561563812409931,,0.7032173705671599,,0.5955403760920521,,0.48945478507040324,,0.4339202432437196,,0.43134555168739314,,,,,,,,,,,,,,,1.0426069351022553,1.1001659662581935,1.201029900199903,,,,,,,,,,1.8281967090479792
36,,,,,,,,,,,,,,,,,-1.0930897406156275,-1.046477920968521,,,,,,,,,,,-0.9541461990941601,,,,,-0.9299861860638007,,,,-1.029918314270576,,,,,,,,,-1.036813270627904,,,,,-1.04038942794827,,,,,,,,-0.9726071261689488,,,,,-0.8661371576217095,-0.8682075194479618,,-0.7626254565662219,,,-0.8201015078884336,,,,,,,,-0.6799090801921096,,,,-0.7047256275064078,,-0.6089934130303128,,,,,,,-0.4388044711788019,,-0.27787364908085943,,,,0.03245730066832497,,0.2039367229323496,,,,,,0.8455062237416732,,0.8992686122788706,,,0.6312033825957651,,,,,,,-0.009892030214574951,,,-0.18057997441793885,-0.19593122758819284,,,,,,,,-0.069667588777592,-0.12326077327204783,,0.016684414259573226,0.1134859936979102,,,,,,0.21229580138125043,,0.2880758620128298,0.3087488587767548,,,,0.5017297251204906,,,,,,,,,,,1.0265846773523508,,,,,,,,,1.5235441441559237,,,,1.455221053795389,,1.6454548485956033,,,,1.5921528895173553,,,,,,1.670333991198646,,1.7157654610203035,,,,,,,,,,,,1.8800560785782616,,
92,,,,,,-1.0370367464906907,,,,,,,,-1.010320019300045,,,,,-1.0989545586078826,-1.0724032632125515,-0.9348813501746924,-1.1111494809209828,,,-1.0275744832365825,-1.023974404925008,,-1.027867668765542,,,,-0.9525104130525844,,,,,,,,,,,,,,,,,,,,,,,,,-0.9769265375262622,,,,-0.9928795789693455,-1.010688466900168,,,,-0.9720251290311415,,,,,-0.7948257651575334,-0.8182230106452465,,,,,-0.7600446784394715,,,,-0.7457728872597456,,,,,-0.6428832288719007,,,-0.6958081383272633,,,-0.5017853371150762,,,,,-0.07375276922541084,-0.019313492542144338,,,,,,,,0.7152884270573885,0.8143486350267537,,,0.6875859981774286,,,,,,,,,0.04372277726855932,,,,,,,,,,,,0.1334593568397165,,,,,,,,,0.33200343744776517,,,0.33639995559380165,,,,,,,,,,,0.7177748849635945,0.833762707684017,0.9039202204339042,,,,,,,,,,,1.6079357136841825,1.7076070573734192,,,1.6174034448817858,,1.5819797138246103,,1.578490380991237,,,,,1.5447151038983875,,1.4512610776999744,,,,,,,,,1.6442028441970185,1.562879858931118,,,,,,,
40,,,,-1.013930416366943,,,,,-0.970023141764866,,,,,,,,-0.9002083643749065,-0.8364187763424574,,,,,,,-0.9659524503327173,-0.9514729893989095,,,,,-0.9738992457006497,,,,-0.9869463115278321,,-0.9325005707874146,-0.9693457711038345,-0.8066507031988452,,,,,,,-0.8933862595149182,,,,-0.8696047626224055,,,,-0.8691914360371842,-0.8501549000806877,,,-0.9360007769691584,,,,,,-0.8718932507550883,,-0.8290601932545035,,,-0.7965028182683056,,-0.7755789532974865,,-0.7414362560266404,,,,,-0.6711335258215233,-0.6221830666461484,,,-0.6731256838358518,-0.6789176693203796,,,,,,,-0.5317171069127258,-0.5012597427767082,-0.4984690217404861,,-0.455950523666921,,,,,,,,,0.2340903473164779,,,0.364104464014242,,,,0.3326428563668202,,,,,-0.07258958480295638,,,,,,,,-0.2741285915976131,,,,,,,,,-0.1903384814901755,,-0.02397289916822115,,,,,0.12982466128279846,,0.17269942562711388,,,,,0.48721751401985175,,0.5887782340010362,0.7495209709130326,,,,1.0428403066702776,,1.0845814147993325,,1.218557889705154,,,,,,,,1.6296650046128491,,,,,,,1.715496255337342,1.6114018460374826,,,,,,,,,1.7620420897303142,,1.7129915565872378,,,,1.7644325763083275,,,,,1.734750559624646,,,,,1.7151247509552439,
76,,,-1.0999895122390253,,,,,,-1.0086072528577046,,,,,,-1.1304818158435574,,,,,,,,,,-1.158636825307534,,,,-1.0431435264659972,,,,,,,,,,,,,,,,,,,,-1.0076447186280555,,,,-1.0987698267885986,-1.1571036279408566,,,-0.9918056492962253,,-0.9475934197446274,-1.014033631804184,-1.0557251282186693,,-0.9556077130553525,,-0.9398129227223105,,,-1.0115143296627402,,,,,,,,,,,,,,,-0.60436232513227,,,,,,,,,-0.30534179743509826,-0.25579728981857086,,,,0.21300341994266295,,,,,1.1076089449048845,1.109222625721485,,,,,,,,,,,,,0.41326842307095424,,0.2605744031055699,,,0.04401589368288342,0.07193626762454612,,,-0.1895321241807107,,,,,-0.11531639997024472,,,,,,,0.12346546664154162,,,,,,0.22640746248538773,,,,,,,,,,,,,,0.5025057615145657,,0.8281655520508538,1.0467014203110754,1.1797335936961757,,,1.5152062473605168,,,,,,,,,1.1630766914756498,,1.1876380678218863,,1.207236960397342,,,,,,,,,,,1.5703556845112892,1.5250730066037426,,,,,1.756130790091485,,,,,
98,,,,,,,,,-1.0202694676296453,-0.9149494866555643,,-1.087287882952671,,,,,,,,,,,-0.9956370994890494,,,,-0.9655090241405532,,,,,,,,,,,,,,-1.0877482859710939,,,,-0.9696285114397485,,,,,,,,,,,,,,,-0.874929637952386,,,,,-0.9925272950557354,,,,-0.9547437773400589,,-0.7677281342300776,,,,,,,,,,,,,,-0.5846006735101055,,,,,,,,-0.10271281625692213,,,0.1732358264130729,,0.42357476724001897,,,,,,,,1.7742580346770152,1.9906838189626581,,,,,1.5368611979549545,,,,,,,0.2590735705039881,,0.10905826573239515,,0.011372950363250867,,,,,,,,-0.0906518077034094,,,,-0.0395734737776454,,-0.003952683505867256,,,,,,-0.061567151202933254,,,,,,,,,,,,,0.23346517574974945,,,,,1.5126202414723673,,,1.8488901673684621,,,1.651110606490098,,,,,,,,1.0205594426018523,,,,0.9739226626344261,1.052466814107487,,,,,,,,,,,,,,1.5811216756988546,,,,,1.8100502924936515
79,,-1.014475221897532,,,,,-0.9767671175311645,-1.0035351607804193,,-0.9794284541666671,,-0.9420579201855228,,-0.9638179314313292,,,,,,,,,-1.0431194286308194,,,,,-0.997687971052855,,,,,,,,,,-0.9294281445743678,,,,,,,,-0.9420768241418518,,,,,,,,-0.9577956337725173,,-0.966024010735478,-0.8939238825108472,-0.9043582011138667,,,,,,,,-0.8251885140313726,,,-0.8390023368568001,,,,,,-0.8284151260164523,-0.6753638823145246,,,,,,,,,-0.6907591128012777,-0.6734411689618246,,-0.613307049028001,-0.5541144675063812,-0.6298948434682388,,-0.5279748388034171,-0.440457074309078,-0.4216071068533349,,,-0.18590090233640894,,,0.1993047532725153,,,,,,,,,,,,,0.3645065520711959,0.16996886120504365,,0.006277256166803261,,,,,,,,,,,,,,-0.26965082015028663,,,0.08935967188845045,0.047704722250381165,,,,,,,,0.3649403216979339,0.30157570870691064,,,0.5813153628025683,0.5392627429197306,,,0.764841749329093,,,,,,,,,,,1.429923853025618,1.5312390944817682,1.4948238816773132,,,,1.696556029728918,,1.7880365872506014,,,,,,,,1.5637826203394583,,,,,,1.6366759427604165,,,1.66390649568332,,,,,1.7006706884014011,,,,,,,,
47,-1.1130751613859435,,,,,,,,-1.0869327046029633,,,-0.9647061181181803,,,,-1.0208046095752525,,,,,,,-1.050180411100694,-1.080823020754689,,,,,-1.1587145179696428,,,,,,,-0.992495416393294,,,-1.0574694097039037,,,,,-1.1928454297951245,,,,,-1.0735015712292333,,-0.9778962197712846,,,,,,,-1.0497688695167786,,,,,,,,,-0.9566388567320661,,,,-0.8691482928478067,,,,,,,,,-0.6554543549752402,,,,,,,,,,,-0.2844588115088397,,,,,0.23771728512498874,,,0.8339908584164609,0.9795847411693221,,,,,1.9801525423415043,,,,,,1.8768204677365736,,1.406701414692489,,,,,0.6822114822134352,,,,,0.399337619104024,,,,,,,,,,,,0.23817496527924747,,,,,0.3785331212335529,,,0.12026463936925956,0.17167127739014387,,0.05912202036587626,,,,-0.02546304673365362,,-0.006570763348115214,,,0.014783138215492417,,,,0.44689159234833153,,,1.0085458141553032,0.9850018497573394,,,,,,,,,,,,,,,,0.893800326584242,,,1.0248158358181119,,1.202755232825144,,,,,,1.472261458397609,1.5554984757413544,,,,1.7704751582831697,,1.834434215719916,,
86,-0.8686311816313975,,,,,,-0.9323503216162362,,,,,-0.9160237624281279,,,,,,,,,,,,,,,,-1.153882583816397,,-1.028673656048912,-1.0445376088099378,-0.9974072531615547,,,-1.0174439479545154,,,,,,-0.9838356251536202,,,,,,,,,,,,,,,,-0.991334960332226,,,,,,,,,-0.8944816871422145,,,,,,,,,-0.7189434529513831,,,,,,,,,,,,,,,,,,,,,,0.4591282337240556,0.7236692836391676,,1.0972856435822835,,,1.7275798926396555,,,,,2.282145495907608,,,,,1.5388424438494255,,,,,,,,,,,-0.23640396016740503,,-0.229349923873816,,,,,,,,,,,,,,,,,-0.05487733189132121,,-0.19613509250980066,,,,,,,,,,-0.016882530130474832,,0.14222658750636072,,,0.9726481183795034,1.2779318067777419,,,,,,,,1.317819227806593,,,,,0.7849002599846557,0.8351414707717418,,,,,,0.9799395686559584,,,,,1.1340376254015125,,1.1819587819763973,,,,1.5327858486774197,,1.6342994009862493,,,,1.7144760927208678,
